cfb120,10.0.0.150,GET,http://d28djvur.apps.lair.io/,1462533656,,200
af6b61,10.0.0.150,GET,http://d28djvur.apps.lair.io/,1462533665,,200
9d06d7,10.0.0.150,GET,http://d28djvur.apps.lair.io/,1462533696,,200
f4ca33,10.0.0.150,GET,http://d28djvur.apps.lair.io/favicon.ico?p=favicon.ico,1462533696,,404
154bb7,10.0.0.150,GET,http://d28djvur.apps.lair.io/list?p=list,1462533740,,200
49ba7b,10.0.0.150,GET,http://d28djvur.apps.lair.io/,1462533756,,200
909b5c,10.0.0.150,GET,http://d28djvur.apps.lair.io/,1462533830,,200
cd567d,10.0.0.150,GET,http://d28djvur.apps.lair.io/sqlite?p=sqlite,1462534062,,200
afc880,10.0.0.150,GET,http://d28djvur.apps.lair.io/,1462548649,,200
342767,10.0.0.150,GET,http://d28djvur.apps.lair.io/favicon.ico?p=favicon.ico,1462548650,,404
b253a1,10.0.0.150,GET,http://d28djvur.apps.lair.io/sqlite?p=sqlite,1462548652,,200
316fe2,10.0.0.150,GET,http://d28djvur.apps.lair.io/,1462549169,,200
